{
"mats_hash":{
"Building Facade":{
"tris":[[0,1,2],[1,0,3],[4,3,0],[3,4,5],[5,4,6],[7,8,9],[8,7,10],[10,7,11],[12,11,7],[11,12,13],[13,12,14],[14,15,13],[15,14,16],[8,17,18],[17,8,10],[19,16,20],[16,19,15],[15,19,21],[22,23,24],[23,22,25],[26,27,28],[27,29,30],[29,27,26],[28,6,4],[6,28,27]],
"pts":[[-3.905354770164418,9.448240367042724,0.0],[-3.915765787785962,0.0,43.65761856262897],[-3.915765787785962,0.0,2.887645678129047e-15],[-3.905354770034551,9.448240367101201,43.65761856262898],[-3.8875394211766388,25.616083346331532,0.0],[-3.905354770034551,9.448240367101201,46.037211650016985],[-3.8875394211766388,25.616083346331532,46.037211650016964],[26.72919424578807,37.128052840411385,68.0809934496339],[26.73191767565728,35.6775181451411,60.91016025848669],[26.73191767565728,35.6775181451411,68.0809934496339],[26.731917675645803,35.67751814515884,5.775291356258094e-15],[26.72919424578807,37.128052840411385,5.775291356258094e-15],[26.72138406765069,41.28633797896579,68.0809934496339],[26.72138406761503,41.286337978930305,2.887645678129047e-15],[26.72138406765069,41.28633797896579,60.91016025848669],[26.702247428208295,51.475043316311805,5.775291356258094e-15],[26.702247428325474,51.47504331629406,60.91016025848669],[26.742072728613337,30.268802947250613,2.887645678129047e-15],[26.742072728613337,30.268802947250613,60.91016025848669],[26.686684380258193,59.76110168592946,64.9798939993179],[26.702247428325474,51.47504331629406,64.9798939993179],[26.686684380258193,59.76110168592946,5.775291356258094e-15],[26.742072728613337,28.264360208782367,47.954744954171346],[26.795046409774198,0.0,0.0],[26.795046409774198,0.0,47.95474495417131],[26.742072728613337,28.264360208782367,2.887645678129047e-15],[-3.882581043731744,60.209833970388345,2.887645678129047e-15],[-3.882581043740241,30.122828415991588,46.037211650016985],[-3.8825810437403527,30.122828415991552,2.887645678129047e-15],[-3.8825810437231345,60.209833970388345,62.74219156211378],[-3.882581043723135,30.122828415960495,62.74219156211378]],
"color":[209,191,80],
"sides":[2,2,2,2,2,2,2,2,2,2,2,2,2,2,2,2,2,2,2,2,2,2,2,2,2]
},
"Road Surface":{
"tris":[[0,1,2],[1,0,3],[3,0,4],[4,0,5],[5,0,6],[5,6,7],[7,6,8],[8,6,9],[9,6,10],[10,6,11],[12,11,6],[13,5,7]],
"pts":[[26.795046409774198,0.0,0.0],[-3.905354770164418,9.448240367042724,0.0],[-3.915765787785962,0.0,2.887645678129047e-15],[-3.8875394211766388,25.616083346331532,0.0],[-3.8825810437403527,30.122828415991552,2.887645678129047e-15],[-3.882581043731744,60.209833970388345,2.887645678129047e-15],[26.742072728613337,28.264360208782367,2.887645678129047e-15],[26.686684380258193,59.76110168592946,5.775291356258094e-15],[26.702247428208295,51.475043316311805,5.775291356258094e-15],[26.72138406761503,41.286337978930305,2.887645678129047e-15],[26.72919424578807,37.128052840411385,5.775291356258094e-15],[26.731917675645803,35.67751814515884,5.775291356258094e-15],[26.742072728613337,30.268802947250613,2.887645678129047e-15],[26.686684380258193,60.209833970388345,4.33146851719357e-15]],
"color":[63,63,63],
"sides":[2,2,2,2,2,2,2,2,2,2,2,2]
}
},
"sources":[{
"xyz":[11.7348,35.8441625,0.9144],
"name":"S1"
}],
"receivers":[{
"xyz":[24.6698,20.574,1.524],
"name":" R1"
}],
"export_datetime":"2024-09-17 11:06:20 -0500"
}