{
"mats_hash":{
"Building Facade":{
"tris":[[0,1,2],[1,0,3],[3,0,4],[5,6,7],[6,5,8],[9,10,11],[10,9,12],[12,9,13],[13,9,14],[14,9,15],[15,9,16],[17,18,19],[18,20,21],[20,18,3],[3,18,22],[22,18,17],[3,22,1]],
"pts":[[30.602450168044182,59.76110168592937,64.9798939993179],[30.602450168044182,51.47504331629407,60.91016025848669],[30.602450168044182,51.47504331629407,64.9798939993179],[30.602450168044182,51.47504331629407,6.248400000000012],[30.602450168044182,59.76110168592937,6.248400000000003],[30.602450168044182,28.26436020878237,47.954744954171346],[30.602450168044182,0.0,6.248399999999996],[30.602450168044182,0.0,47.954744954171346],[30.602450168044182,28.26436020878237,6.248399999999996],[0.0,60.20983397038825,6.248399999999997],[0.0,0.0,43.65761856262897],[0.0,0.0,6.248399999999997],[0.0,9.448240367101205,43.65761856262897],[0.0,9.448240367101205,46.037211650016985],[0.0,30.122828415991595,46.037211650016985],[0.0,30.122828415991595,62.74219156211378],[0.0,60.20983397038825,62.74219156211378],[30.602450168044182,41.28633797896579,68.0809934496339],[30.602450168044182,35.6775181451411,60.91016025848669],[30.602450168044182,35.6775181451411,68.0809934496339],[30.602450168044182,30.26880294725062,6.248400000000003],[30.602450168044182,30.26880294725062,60.91016025848669],[30.602450168044182,41.28633797896579,60.91016025848669]],
"color":[206,188,79],
"sides":[2,2,2,2,2,2,2,2,2,2,2,2,2,2,2,2,2]
},
"Road Surface":{
"tris":[[0,1,2],[1,0,3],[3,4,5],[4,3,6],[6,0,7],[0,6,3],[8,0,9],[0,8,7],[10,11,2],[11,10,12],[1,10,2],[10,1,13],[14,1,15],[1,14,13],[8,6,7],[6,8,4],[4,8,16],[4,16,17],[4,17,18],[12,13,14],[13,12,10]],
"pts":[[24.50645016804415,0.0,-2.3099590576970515e-15],[6.096,60.20983397038825,2.4134579922244746e-18],[6.096,0.0,2.4134579922244746e-18],[24.50645016804415,60.20983397038825,-2.5975956389169372e-15],[30.602450168044182,60.20983397038825,0.1523999999999971],[30.602450168044182,60.20983397038825,-2.8852322201368225e-15],[24.50645016804415,60.20983397038825,0.15239999999999743],[24.50645016804415,0.0,0.1523999999999977],[30.602450168044182,0.0,0.1523999999999971],[30.602450168044182,0.0,-2.8852322201368225e-15],[6.096,0.0,0.15239999999999998],[0.0,0.0,2.4134579922244746e-18],[1.2548850847338145e-16,0.0,0.15239999999999998],[6.096,60.20983397038825,0.15239999999999998],[0.0,60.20983397038825,0.1523999999999971],[0.0,60.20983397038825,-2.8852322201368225e-15],[30.602450168044182,28.26436020878237,0.1523999999999971],[30.602450168044182,30.26880294725062,0.1523999999999971],[30.602450168044182,59.76110168592937,0.1524000000000027]],
"color":[63,63,63],
"sides":[2,2,2,2,2,2,2,2,2,2,2,2,2,2,2,2,2,2,2,2,2]
},
"Green wall":{
"tris":[[0,1,2],[1,0,3],[4,5,6],[5,4,7],[7,4,8],[9,10,11],[10,9,12]],
"pts":[[30.602450168044182,28.26436020878237,6.248399999999996],[30.602450168044182,0.0,0.1523999999999971],[30.602450168044182,0.0,6.248399999999996],[30.602450168044182,28.26436020878237,0.1523999999999971],[30.602450168044182,51.47504331629407,6.248400000000012],[30.602450168044182,30.26880294725062,0.1523999999999971],[30.602450168044182,30.26880294725062,6.248400000000003],[30.602450168044182,59.76110168592937,0.1524000000000027],[30.602450168044182,59.76110168592937,6.248400000000003],[0.0,60.20983397038825,0.1523999999999971],[0.0,0.0,6.248399999999997],[1.2548850847338145e-16,0.0,0.15239999999999998],[0.0,60.20983397038825,6.248399999999997]],
"color":[15,204,0],
"sides":[2,2,2,2,2,2,2]
},
"_RIGID":{
"tris":[[0,1,2],[1,0,3],[4,5,6],[5,4,7]],
"pts":[[30.602450168044182,60.20983397038825,-2.8852322201368225e-15],[30.602450168044182,59.76110168592937,0.1524000000000027],[30.602450168044182,59.76110168592937,2.8900591361212696e-15],[30.602450168044182,60.20983397038825,0.1523999999999971],[30.602450168044182,30.26880294725062,-2.8852322201368225e-15],[30.602450168044182,28.26436020878237,0.1523999999999971],[30.602450168044182,28.26436020878237,-2.8852322201368225e-15],[30.602450168044182,30.26880294725062,0.1523999999999971]],
"color":[0,0,0],
"sides":[0,0,0,0]
}
},
"sources":[{
"xyz":[20.0,30.0,0.9144],
"name":"S1"
}],
"receivers":[{
"xyz":[28.0,20.574,1.524],
"name":" R1"
}],
"export_datetime":"2024-09-22 11:40:58 -0500"
}